page,section,inv_no,stock_item,stock_ref,unit,initial_stock,stock_in,stock_out,balance
2,B1 C (UPPERMOST) BACK MOST OF STORAGE -MISCELLANEOUS PARTS,1,OIL FILTER (FLEETGUARD-LF4056),B1-1,PC,1.0,4.0,0.0,5.0
2,B1 C (UPPERMOST) BACK MOST OF STORAGE -MISCELLANEOUS PARTS,1,DRIVER BAR HANDLE,C-1,PC,3.0,0.0,0.0,3.0
2,B1 C (UPPERMOST) BACK MOST OF STORAGE -MISCELLANEOUS PARTS,1,SALT BAGS,MP-1,BAG,24.0,0.0,0.0,24.0
2,B1 C (UPPERMOST) BACK MOST OF STORAGE -MISCELLANEOUS PARTS,2,OIL FILTER (FLEETGUARD-LF9070),B1-2,PC,2.0,2.0,0.0,4.0
2,B1 C (UPPERMOST) BACK MOST OF STORAGE -MISCELLANEOUS PARTS,2,DASH BOARD PANEL (COLUMBIA),C-2,PC,1.0,0.0,0.0,1.0
2,B1 C (UPPERMOST) BACK MOST OF STORAGE -MISCELLANEOUS PARTS,2,LINSEED OIL,MP-2,GALLON,2.0,0.0,0.0,2.0
2,B1 C (UPPERMOST) BACK MOST OF STORAGE -MISCELLANEOUS PARTS,3,OIL FILTER (FLEETGUARD-LF3000),B1-3,PC,1.0,3.0,0.0,4.0
2,B1 C (UPPERMOST) BACK MOST OF STORAGE -MISCELLANEOUS PARTS,3,DASH BOARD PANEL (CENTURY),C-3,PC,2.0,0.0,0.0,2.0
2,B1 C (UPPERMOST) BACK MOST OF STORAGE -MISCELLANEOUS PARTS,3,LINSEED OIL,MP-3,QRT,1.0,0.0,0.0,1.0
2,B1 C (UPPERMOST) BACK MOST OF STORAGE -MISCELLANEOUS PARTS,4,OIL FILTER (DONALDSON-P551670),B1-4,PC,2.0,0.0,0.0,2.0
2,B1 C (UPPERMOST) BACK MOST OF STORAGE -MISCELLANEOUS PARTS,4,HEADLIGHT FRAME,C-4,PC,4.0,0.0,0.0,4.0
2,B1 C (UPPERMOST) BACK MOST OF STORAGE -MISCELLANEOUS PARTS,4,ROTA WHEEL CAR,REAMMP-4,PC,2.0,0.0,0.0,2.0
2,B1 C (UPPERMOST) BACK MOST OF STORAGE -MISCELLANEOUS PARTS,5,OIL FILTER (LUBE FINER-LFP2160),B1-5,PC,10.0,0.0,0.0,10.0
2,B1 C (UPPERMOST) BACK MOST OF STORAGE -MISCELLANEOUS PARTS,5,HOOD BRACE,C-5,PC,2.0,0.0,0.0,2.0
2,B1 C (UPPERMOST) BACK MOST OF STORAGE -MISCELLANEOUS PARTS,5,ELF REAM,MP-5,PC,4.0,0.0,0.0,4.0
2,B1 C (UPPERMOST) BACK MOST OF STORAGE -MISCELLANEOUS PARTS,6,OIL FILTER (LUBE FINER-LFP9001),B1-6,PC,6.0,0.0,0.0,6.0
2,B1 C (UPPERMOST) BACK MOST OF STORAGE -MISCELLANEOUS PARTS,6,EXHAUST HOSE CLIP,C-6,PC,1.0,0.0,0.0,1.0
2,B1 C (UPPERMOST) BACK MOST OF STORAGE -MISCELLANEOUS PARTS,0,7 CABIN CURTAIN,C-7,PC,3.0,0.0,0.0,3.0
2,B1 C (UPPERMOST) BACK MOST OF STORAGE -MISCELLANEOUS PARTS,6,FUEL INJECTION PUMP,MP-6,PC,1.0,0.0,0.0,1.0
2,B1 C (UPPERMOST) BACK MOST OF STORAGE -MISCELLANEOUS PARTS,7,FUEL FILTER (LUBE FINER-LFP1000),B1-7,PC,2.0,0.0,0.0,2.0
2,B1 C (UPPERMOST) BACK MOST OF STORAGE -MISCELLANEOUS PARTS,8,LTFTRB STICKER,C-8,PACK,1.0,0.0,0.0,1.0
2,B1 C (UPPERMOST) BACK MOST OF STORAGE -MISCELLANEOUS PARTS,7,FLY WHEEL,MP-7,PC,1.0,0.0,0.0,1.0
2,B1 C (UPPERMOST) BACK MOST OF STORAGE -MISCELLANEOUS PARTS,8,FUEL FILTER (LUBE FINER-LFP815FN),B1-8,PC,6.0,0.0,0.0,6.0
2,B1 C (UPPERMOST) BACK MOST OF STORAGE -MISCELLANEOUS PARTS,9,C-9 0 8 PRESSURE PLATE,ASSEMBLYMP-8,PC,1.0,0.0,0.0,1.0
2,B1 C (UPPERMOST) BACK MOST OF STORAGE -MISCELLANEOUS PARTS,9,FUEL FILTER (LUBE FINER-LFP816FN),B1-9,PC,6.0,0.0,0.0,6.0
2,B1 C (UPPERMOST) BACK MOST OF STORAGE -MISCELLANEOUS PARTS,10,C-10 0 9 CLUTCH LINING,MP-9,PC,1.0,0.0,0.0,1.0
2,B1 C (UPPERMOST) BACK MOST OF STORAGE -MISCELLANEOUS PARTS,10,FUEL FILTER (LUBE FINER-LFF8020),B1-10,SET,3.0,0.0,0.0,3.0
2,B1 C (UPPERMOST) BACK MOST OF STORAGE -MISCELLANEOUS PARTS,11,C-11 0 11 FUEL FILTER (LUBE FINER-L3578FN),B1-11,PC,8.0,0.0,0.0,8.0
2,B1 C (UPPERMOST) BACK MOST OF STORAGE -MISCELLANEOUS PARTS,12,C-12 0 10 TURBO,MP-10,PC,1.0,0.0,0.0,1.0
2,B1 C (UPPERMOST) BACK MOST OF STORAGE -MISCELLANEOUS PARTS,12,FUEL FILTER (DONALDSON-P550463),B1-12,PC,12.0,0.0,0.0,12.0
2,B1 C (UPPERMOST) BACK MOST OF STORAGE -MISCELLANEOUS PARTS,13,C-13 0 11 ALTERNATOR,MP-11,PC,1.0,0.0,0.0,1.0
2,B1 C (UPPERMOST) BACK MOST OF STORAGE -MISCELLANEOUS PARTS,13,FUEL FILTER (FLEETGUARD-FF5052),B1-13,PC,1.0,0.0,0.0,1.0
2,B1 C (UPPERMOST) BACK MOST OF STORAGE -MISCELLANEOUS PARTS,14,C-14 0 12 TOYOTA ALTERNATOR,MP-12,PC,1.0,0.0,0.0,1.0
2,B1 C (UPPERMOST) BACK MOST OF STORAGE -MISCELLANEOUS PARTS,0,15 C-15 0 WINDSHIELD 14 COOLANT FILTER (FLEETGUARD-WF2071),B1-14,PC,1.0,0.0,0.0,1.0
2,B1 C (UPPERMOST) BACK MOST OF STORAGE -MISCELLANEOUS PARTS,16,C-16 0 13 FREIGHT LINER GRILLE,MP-13,PC,2.0,0.0,0.0,2.0
2,B1 C (UPPERMOST) BACK MOST OF STORAGE -MISCELLANEOUS PARTS,14,FL COLUMBIA GRILLE,MP-14,PC,1.0,0.0,0.0,1.0
2,B1 C (UPPERMOST) BACK MOST OF STORAGE -MISCELLANEOUS PARTS,15,COLUMBIA,WIENDSHIELDMP-15,PC,6.0,0.0,0.0,6.0
2,B1 C (UPPERMOST) BACK MOST OF STORAGE -MISCELLANEOUS PARTS,1,USA 88 DSL ENGN. OIL,B2-1,L,3.0,0.0,0.0,3.0
2,B1 C (UPPERMOST) BACK MOST OF STORAGE -MISCELLANEOUS PARTS,1,PRISTON AIRBAG (REAR-PMT),C1-1,PC,12.0,0.0,0.0,12.0
2,B1 C (UPPERMOST) BACK MOST OF STORAGE -MISCELLANEOUS PARTS,16,COLUMBIA,WIENDSHIELDMP-16,PC,4.0,0.0,0.0,4.0
2,B1 C (UPPERMOST) BACK MOST OF STORAGE -MISCELLANEOUS PARTS,2,CUTTING DISC,B2-2,PC,35.0,0.0,0.0,35.0
2,B1 C (UPPERMOST) BACK MOST OF STORAGE -MISCELLANEOUS PARTS,2,"C1-2 0 17FREIGHTLINER GRILLE,",CENTURMYP-17,PC,1.0,0.0,0.0,1.0
2,B1 C (UPPERMOST) BACK MOST OF STORAGE -MISCELLANEOUS PARTS,3,N18 WELDING ROD,B2-3,KILO,7.0,0.0,0.0,7.0
2,B1 C (UPPERMOST) BACK MOST OF STORAGE -MISCELLANEOUS PARTS,3,C1-3 0 18 WINDSHIELD HINO,MP-18,PC,1.0,0.0,0.0,1.0
2,B1 C (UPPERMOST) BACK MOST OF STORAGE -MISCELLANEOUS PARTS,4,N6013 WELDING ROD,B2-4,KILO,3.0,0.0,0.0,3.0
2,B1 C (UPPERMOST) BACK MOST OF STORAGE -MISCELLANEOUS PARTS,4,C1-4 0 19 WINDSHIELD VOLVO,MP-19,PC,2.0,0.0,0.0,2.0
2,B1 C (UPPERMOST) BACK MOST OF STORAGE -MISCELLANEOUS PARTS,5,PENETRATING OIL (USED),B2-5,CAN,1.0,0.0,0.0,1.0
2,B1 C (UPPERMOST) BACK MOST OF STORAGE -MISCELLANEOUS PARTS,5,C1-5 0 20 MP-20 0 6 LUCAS OIL,B2-6,GALLON,14.0,0.0,0.5,13.5
2,B1 C (UPPERMOST) BACK MOST OF STORAGE -MISCELLANEOUS PARTS,6,C1-6 0 21 MP-21 0 7 TIE BOX,B2-7,ROLL,2.0,0.0,0.0,2.0
2,B1 C (UPPERMOST) BACK MOST OF STORAGE -MISCELLANEOUS PARTS,7,C1-7 0 22 MP-22 0 8 TEXT SCREW WITH WASHER,B2-8,PC,57.0,0.0,0.0,57.0
2,B1 C (UPPERMOST) BACK MOST OF STORAGE -MISCELLANEOUS PARTS,8,C1-8 0 23 MP-23 0 9 10X20 INTERIOR TRAILER,B2-9,PC,1.0,4.0,1.0,4.0
2,B1 C (UPPERMOST) BACK MOST OF STORAGE -MISCELLANEOUS PARTS,9,C1-9 0 24 MP-24 0 10 MP3 GREASE OIL,B2-10,KILO,0.0,4.0,3.75,0.25
2,B1 C (UPPERMOST) BACK MOST OF STORAGE -MISCELLANEOUS PARTS,10,C1-10 0 25 MP-25 0 11 REV-X ENGINE 15W40,B2-11,LITER,0.0,42.0,6.5,35.5
2,B1 C (UPPERMOST) BACK MOST OF STORAGE -MISCELLANEOUS PARTS,11,C1-11 0 26 MP-26 12 FLAP10X20 B.NEW,B2-12,PC,0.0,4.0,0.0,4.0
2,B1 C (UPPERMOST) BACK MOST OF STORAGE -MISCELLANEOUS PARTS,12,C1-12 0 13 BATTERY CABLE WIRE,B2-13,CM,291.0,0.0,0.0,291.0
2,B1 C (UPPERMOST) BACK MOST OF STORAGE -MISCELLANEOUS PARTS,13,C1-13 0 14 BATTERY CABLE WIRE WITH LUG,B2-14,PC,5.0,0.0,0.0,5.0
2,B1 C (UPPERMOST) BACK MOST OF STORAGE -MISCELLANEOUS PARTS,15,B2-15 KILO 0 0 0 0 16,B2-16,KILO,0.0,0.0,0.0,0.0
2,B1 C (UPPERMOST) BACK MOST OF STORAGE -MISCELLANEOUS PARTS,1,CLEARANCE LIGHT (CLR/M/CR W/P#01469771),B3-1,PC,4.0,0.0,0.0,4.0
2,B1 C (UPPERMOST) BACK MOST OF STORAGE -MISCELLANEOUS PARTS,1,THERMOSTAT C-120,C2-1,PC,4.0,0.0,0.0,4.0
2,B1 C (UPPERMOST) BACK MOST OF STORAGE -MISCELLANEOUS PARTS,1,DAMAGED TIRE S2-1,45,PC,0.0,0.0,45.0,2.0
2,B1 C (UPPERMOST) BACK MOST OF STORAGE -MISCELLANEOUS PARTS,2,PC 2 0 0 2 2 ROCKER ARM,C2-2,SET,1.0,0.0,0.0,1.0
2,B1 C (UPPERMOST) BACK MOST OF STORAGE -MISCELLANEOUS PARTS,2,TIRE 295/70R 19.5 S2-2 2 PC 0 0 2 3 SIGNAL LIGHT(DEPO 340-1506N-05),B3-3,PC,2.0,0.0,0.0,2.0
2,B1 C (UPPERMOST) BACK MOST OF STORAGE -MISCELLANEOUS PARTS,3,WIPER MOTOR ELF,C2-3,SET,1.0,0.0,0.0,1.0
2,B1 C (UPPERMOST) BACK MOST OF STORAGE -MISCELLANEOUS PARTS,3,TIRE 295/75R 22.5 S2-3 2 PC 0 0 2 4 SIGNAL LIGHT(MINATURE LAMP),B3-4,PC,25.0,0.0,0.0,25.0
2,B1 C (UPPERMOST) BACK MOST OF STORAGE -MISCELLANEOUS PARTS,4,PC 2 0 0 2 4 TIRE 11 22.5 S2-4 1 PC 0 0 1 5 SEALED BEAM(#4RSB-2-12),B3-5,BOX,7.0,0.0,0.0,7.0
2,B1 C (UPPERMOST) BACK MOST OF STORAGE -MISCELLANEOUS PARTS,4,PRIME MOVER TRUCK STEREO,C2-5,PC,2.0,0.0,0.0,2.0
2,B1 C (UPPERMOST) BACK MOST OF STORAGE -MISCELLANEOUS PARTS,5,S2-5 0 0 0 6 HEADLIGHT BULB (1255/H7),B3-6,PC,1.0,0.0,0.0,1.0
2,B1 C (UPPERMOST) BACK MOST OF STORAGE -MISCELLANEOUS PARTS,5,FUEL WATER SEPARATOR,C2-6,SET,1.0,0.0,0.0,1.0
2,B1 C (UPPERMOST) BACK MOST OF STORAGE -MISCELLANEOUS PARTS,6,S2-6 0 7 HEADLIGHT (H4-HALOGEN),B3-7,PC,4.0,0.0,0.0,4.0
2,B1 C (UPPERMOST) BACK MOST OF STORAGE -MISCELLANEOUS PARTS,6,GMT 30-32,C2-7,SET,1.0,0.0,0.0,1.0
2,B1 C (UPPERMOST) BACK MOST OF STORAGE -MISCELLANEOUS PARTS,7,S2-7 0 8 TRAILER LIGHT (RED),B3-8,PC,6.0,0.0,0.0,6.0
2,B1 C (UPPERMOST) BACK MOST OF STORAGE -MISCELLANEOUS PARTS,7,HEAD GASKET (BLUE DAYCAB),C2-8,PC,3.0,0.0,0.0,3.0
2,B1 C (UPPERMOST) BACK MOST OF STORAGE -MISCELLANEOUS PARTS,8,S2-8 0 9 TRAILER LIGHT (WHITE),B3-9,PC,4.0,0.0,0.0,4.0
2,B1 C (UPPERMOST) BACK MOST OF STORAGE -MISCELLANEOUS PARTS,8,LEVELING VALVE (FOR COWL),C2-9,PC,1.0,0.0,0.0,1.0
2,B1 C (UPPERMOST) BACK MOST OF STORAGE -MISCELLANEOUS PARTS,9,S2-9 0 10 TRAILER CLEARANCE LIGHT,B3-10,PC,18.0,0.0,0.0,18.0
2,B1 C (UPPERMOST) BACK MOST OF STORAGE -MISCELLANEOUS PARTS,9,SHOCK ABSORBER (BLUE),C2-10,PC,2.0,0.0,0.0,2.0
2,B1 C (UPPERMOST) BACK MOST OF STORAGE -MISCELLANEOUS PARTS,10,S2-10 0 11 PLATE LIGHT 24V,B3-11,PC,1.0,0.0,0.0,1.0
2,B1 C (UPPERMOST) BACK MOST OF STORAGE -MISCELLANEOUS PARTS,10,TRAILER HOSE,C2-11,PC,3.0,0.0,0.0,3.0
2,B1 C (UPPERMOST) BACK MOST OF STORAGE -MISCELLANEOUS PARTS,11,S2-11 0 12 PORTABLE EMERGENCY LIGHT,B3-12,PC,1.0,0.0,0.0,1.0
2,B1 C (UPPERMOST) BACK MOST OF STORAGE -MISCELLANEOUS PARTS,11,FITTINGS (MULTI-PURPOSE),C2-12,PC,3.0,0.0,0.0,3.0
2,B1 C (UPPERMOST) BACK MOST OF STORAGE -MISCELLANEOUS PARTS,12,S2-12 0 13 DOUBLE CONTACT(24V),B3-13,PC,1.0,0.0,0.0,1.0
2,B1 C (UPPERMOST) BACK MOST OF STORAGE -MISCELLANEOUS PARTS,12,FAN BELT (12PK CUMMINS EAGLE),C2-13,PC,1.0,0.0,0.0,1.0
2,B1 C (UPPERMOST) BACK MOST OF STORAGE -MISCELLANEOUS PARTS,13,S2-13 0 14 RELAY FUSE (12V-BUSH),B3-14,PC,1.0,0.0,0.0,1.0
2,B1 C (UPPERMOST) BACK MOST OF STORAGE -MISCELLANEOUS PARTS,13,FAN BELT 5360(ELF),C2-14,PC,1.0,0.0,0.0,1.0
2,B1 C (UPPERMOST) BACK MOST OF STORAGE -MISCELLANEOUS PARTS,14,S2-14 0 15 STARTER FOR FLOURESCENT BULB,B3-15,PC,3.0,0.0,0.0,3.0
2,B1 C (UPPERMOST) BACK MOST OF STORAGE -MISCELLANEOUS PARTS,14,CLUTCH BOOSTER (FOR JAPAN),C2-15,PC,1.0,0.0,0.0,1.0
2,B1 C (UPPERMOST) BACK MOST OF STORAGE -MISCELLANEOUS PARTS,15,S2-15 0 16 CIRCUIT FUSE (5AMP.),B3-16,PC,7.0,0.0,0.0,7.0
2,B1 C (UPPERMOST) BACK MOST OF STORAGE -MISCELLANEOUS PARTS,15,BRAKE LINING FU-509954,C2-16,PC,7.0,0.0,0.0,7.0
2,B1 C (UPPERMOST) BACK MOST OF STORAGE -MISCELLANEOUS PARTS,16,S2-16 0 17 OUTLET SWITCH (2 GANG),B3-17,PC,1.0,0.0,0.0,1.0
2,B1 C (UPPERMOST) BACK MOST OF STORAGE -MISCELLANEOUS PARTS,16,BRAKE LINING,C2-17,PC,8.0,0.0,0.0,8.0
2,B1 C (UPPERMOST) BACK MOST OF STORAGE -MISCELLANEOUS PARTS,17,S2-17 0 18 TOGGLE SWITCH,B3-18,PC,1.0,0.0,0.0,1.0
2,B1 C (UPPERMOST) BACK MOST OF STORAGE -MISCELLANEOUS PARTS,17,HAND TOP-5 ITEMS,C2-18,BOX,1.0,0.0,0.0,1.0
2,B1 C (UPPERMOST) BACK MOST OF STORAGE -MISCELLANEOUS PARTS,18,S2-18 0 19 FUSE BLADE,B3-19,PC,35.0,0.0,0.0,35.0
2,B1 C (UPPERMOST) BACK MOST OF STORAGE -MISCELLANEOUS PARTS,18,UMBRELLA NAILS FOR ROOFING,C2-19,KILO,0.5,0.0,0.0,0.5
2,B1 C (UPPERMOST) BACK MOST OF STORAGE -MISCELLANEOUS PARTS,19,S2-19 0 20 WIPER BLADE (ELF),B3-20,PC,2.0,0.0,0.0,2.0
2,B1 C (UPPERMOST) BACK MOST OF STORAGE -MISCELLANEOUS PARTS,19,TIE ROD END,C2-20,PC,1.0,1.0,1.0,1.0
2,B1 C (UPPERMOST) BACK MOST OF STORAGE -MISCELLANEOUS PARTS,20,S2-20 0 21 WIPER BLADE (PMT),B3-21,PC,2.0,0.0,0.0,2.0
2,B1 C (UPPERMOST) BACK MOST OF STORAGE -MISCELLANEOUS PARTS,20,AIR GOVERNONR,C2-21,PC,1.0,0.0,0.0,1.0
2,B1 C (UPPERMOST) BACK MOST OF STORAGE -MISCELLANEOUS PARTS,21,S2-21 0 22 O-RING SMALL,B3-22,PC,20.0,0.0,0.0,20.0
2,B1 C (UPPERMOST) BACK MOST OF STORAGE -MISCELLANEOUS PARTS,21,HOST CLIP,C2-22,PC,6.0,0.0,0.0,6.0
2,B1 C (UPPERMOST) BACK MOST OF STORAGE -MISCELLANEOUS PARTS,22,S2-22 0 23 O-RING BIG,B3-23,PC,9.0,0.0,0.0,9.0
2,B1 C (UPPERMOST) BACK MOST OF STORAGE -MISCELLANEOUS PARTS,22,POWER WINDOW PART (A18-52044-001),C2-23,PC,1.0,0.0,0.0,1.0
2,B1 C (UPPERMOST) BACK MOST OF STORAGE -MISCELLANEOUS PARTS,23,S2-23 0 24 O-RING (MH 035157),B3-24,PC,6.0,0.0,0.0,6.0
2,B1 C (UPPERMOST) BACK MOST OF STORAGE -MISCELLANEOUS PARTS,23,POWER WINDOW PART (A18-52044-000),C2-24,PC,1.0,0.0,0.0,1.0
2,B1 C (UPPERMOST) BACK MOST OF STORAGE -MISCELLANEOUS PARTS,24,S2-24 0 25 BALL MIRROR,B3-25,PC,2.0,0.0,0.0,2.0
2,B1 C (UPPERMOST) BACK MOST OF STORAGE -MISCELLANEOUS PARTS,24,HOSE CLIP WITH EXTENSION,C2-25,PC,1.0,0.0,0.0,1.0
2,B1 C (UPPERMOST) BACK MOST OF STORAGE -MISCELLANEOUS PARTS,25,S2-25 0 26 SIDE MIRROR,B3-26,PC,2.0,0.0,0.0,2.0
2,B1 C (UPPERMOST) BACK MOST OF STORAGE -MISCELLANEOUS PARTS,25,BEARING (TKHM 813841),C2-26,PC,2.0,1.0,1.0,2.0
2,B1 C (UPPERMOST) BACK MOST OF STORAGE -MISCELLANEOUS PARTS,26,S2-26 0 27 GASKET (JAPAN),B3-27,PC,9.0,0.0,0.0,9.0
2,B1 C (UPPERMOST) BACK MOST OF STORAGE -MISCELLANEOUS PARTS,26,TRIALER GLADHAND,C2-27,PC,2.0,20.0,0.0,22.0
2,B1 C (UPPERMOST) BACK MOST OF STORAGE -MISCELLANEOUS PARTS,27,S2-27 0 28 PLASTIC DASH CENTER (COLUMBIA),B3-29,PC,2.0,0.0,0.0,2.0
2,B1 C (UPPERMOST) BACK MOST OF STORAGE -MISCELLANEOUS PARTS,27,PNEUMATIC HOSE 1/8-BLACK,C2-28,FT,10.0,0.0,10.0,28.0
2,B1 C (UPPERMOST) BACK MOST OF STORAGE -MISCELLANEOUS PARTS,28,0 29 PEDAL CENSOR SOCKET,B3-30,PC,1.0,0.0,0.0,1.0
2,B1 C (UPPERMOST) BACK MOST OF STORAGE -MISCELLANEOUS PARTS,28,PNEUMATIC HOSE 4MM-WHITE,C2-29,FT,1.0,0.0,1.0,29.0
2,B1 C (UPPERMOST) BACK MOST OF STORAGE -MISCELLANEOUS PARTS,29,0 30 39X80 WHEEL NUT DESIGN,B3-31,PC,23.0,0.0,0.0,23.0
2,B1 C (UPPERMOST) BACK MOST OF STORAGE -MISCELLANEOUS PARTS,29,FANBELT 5PK,C2-30,PC,0.0,2.0,0.0,2.0
2,B1 C (UPPERMOST) BACK MOST OF STORAGE -MISCELLANEOUS PARTS,30,S2-30 0 31 DOOR KNOB,B3-32,PC,1.0,0.0,0.0,1.0
2,B1 C (UPPERMOST) BACK MOST OF STORAGE -MISCELLANEOUS PARTS,30,PNUEMATIC FITTINGS,C2-31,PCS,2.0,0.0,2.0,32.0
2,B1 C (UPPERMOST) BACK MOST OF STORAGE -MISCELLANEOUS PARTS,33,PC 0 100 42 58 31 FLEXIBLE HOSE,C2-32,FT,0.0,0.0,0.0,33.0
2,B1 C (UPPERMOST) BACK MOST OF STORAGE -MISCELLANEOUS PARTS,7,WAY ELECTRICAL CONNECTOR,B3-34,PC,1.0,0.0,0.0,1.0
2,B1 C (UPPERMOST) BACK MOST OF STORAGE -MISCELLANEOUS PARTS,32,ELF SHOCK ABSORBER,C2-33,PCS,2.0,0.0,0.0,2.0
2,B1 C (UPPERMOST) BACK MOST OF STORAGE -MISCELLANEOUS PARTS,34,B3-35 PC 0 0 0 33 IH 9200i SHOCK ABSORBER,C2-34,PCS,4.0,0.0,0.0,4.0
2,B1 C (UPPERMOST) BACK MOST OF STORAGE -MISCELLANEOUS PARTS,35,B3-36 PC 0 0 0 34 0 B4 C3 INVTY. # Stock Item Stock Ref. UNIT INTL. STOCK STOCK IN STOCK OUT BALANCE INVTY. # Stock Item Stock Ref. UNIT INTL. STOCK STOCK IN STOCK OUT BALANCE 1 MOTOLITE GOLD (13 PLATES),B4-1,PC,2.0,0.0,0.0,2.0
2,B1 C (UPPERMOST) BACK MOST OF STORAGE -MISCELLANEOUS PARTS,1,DOUBLE BRAKE CHAMBER,C3-1,PC,5.0,0.0,2.0,3.0
2,B1 C (UPPERMOST) BACK MOST OF STORAGE -MISCELLANEOUS PARTS,2,MOTOLITE GOLD N70,B4-2,PC,1.0,0.0,0.0,1.0
2,B1 C (UPPERMOST) BACK MOST OF STORAGE -MISCELLANEOUS PARTS,2,SINGLE BRAKE CHAMBER,C3-2,PC,6.0,0.0,0.0,6.0
2,B1 C (UPPERMOST) BACK MOST OF STORAGE -MISCELLANEOUS PARTS,3,PANASONIC BATTERY,B4-3,PC,1.0,0.0,0.0,1.0
2,B1 C (UPPERMOST) BACK MOST OF STORAGE -MISCELLANEOUS PARTS,3,COWL AIR BAG,C3-3,PC,8.0,0.0,0.0,8.0
2,B1 C (UPPERMOST) BACK MOST OF STORAGE -MISCELLANEOUS PARTS,4,NEW PANASONIC 13PLATES BATTERY,B4-4,PC,4.0,0.0,0.0,4.0
2,B1 C (UPPERMOST) BACK MOST OF STORAGE -MISCELLANEOUS PARTS,4,AIR CLEANER JAPAN,C3-4,PC,1.0,0.0,0.0,1.0
2,B1 C (UPPERMOST) BACK MOST OF STORAGE -MISCELLANEOUS PARTS,5,B4-5 0 5 WIND SHIELD RUBBER,C3-5,ROLL,1.0,0.0,0.0,1.0
2,B1 C (UPPERMOST) BACK MOST OF STORAGE -MISCELLANEOUS PARTS,6,B4-6 0 6 INTERSTATE MCBEE,C3-6,PC,5.0,0.0,0.0,5.0
2,B1 C (UPPERMOST) BACK MOST OF STORAGE -MISCELLANEOUS PARTS,7,B4-7 0 7 INTAKE SENSOR (DETROIT 12.7),C3-7,PC,2.0,0.0,0.0,2.0
2,B1 C (UPPERMOST) BACK MOST OF STORAGE -MISCELLANEOUS PARTS,8,B4-8 0 8 FUEL TEMP. SENSOR (DETROIT 12.7),C3-8,PC,2.0,0.0,0.0,2.0
2,B1 C (UPPERMOST) BACK MOST OF STORAGE -MISCELLANEOUS PARTS,9,B4-9 0 9 OIL PRESSURE SENSOR (detroit 12.7),C3-9,PC,2.0,0.0,0.0,2.0
2,B1 C (UPPERMOST) BACK MOST OF STORAGE -MISCELLANEOUS PARTS,10,B4-10 0 10 COOLANT TEMP. SENSOR (DETROIT 12.7),C3-10,PC,2.0,0.0,0.0,2.0
2,B1 C (UPPERMOST) BACK MOST OF STORAGE -MISCELLANEOUS PARTS,11,TURBO BOOST SENSOR (DETROIT 12.7),C3-11,PC,2.0,0.0,0.0,2.0
2,B1 C (UPPERMOST) BACK MOST OF STORAGE -MISCELLANEOUS PARTS,12,CRANKSHAFT SENSOR (DETROIT 12.7),C3-12,PC,8.0,0.0,0.0,8.0
2,B1 C (UPPERMOST) BACK MOST OF STORAGE -MISCELLANEOUS PARTS,13,PART# 4326596 (FOR CUMMINS),C3-13,PC,1.0,0.0,0.0,1.0
2,B1 C (UPPERMOST) BACK MOST OF STORAGE -MISCELLANEOUS PARTS,14,FUEL CENSOR 3865312,C3-14,PC,1.0,0.0,0.0,1.0
2,B1 C (UPPERMOST) BACK MOST OF STORAGE -MISCELLANEOUS PARTS,15,FUEL CENSOR 4921487,C3-15,PC,1.0,0.0,0.0,1.0
2,B1 C (UPPERMOST) BACK MOST OF STORAGE -MISCELLANEOUS PARTS,16,BENIEL TILES,C3-16,PC,26.0,0.0,0.0,26.0
2,B1 C (UPPERMOST) BACK MOST OF STORAGE -MISCELLANEOUS PARTS,17,C3-17 0 18 C3-18 0 19 C3-19 0 20 C3-20 0 C4 INVTY. # Stock Item Stock Ref. UNIT INTL. STOCK STOCK IN STOCK OUT BALANCE 1 TOTALLY DAMAGED BATTERY,C4-1,PC,21.0,0.0,0.0,21.0
2,B1 C (UPPERMOST) BACK MOST OF STORAGE -MISCELLANEOUS PARTS,2,C4-2 0 3 C4-3 0 4 C4-4 0 5 C4-5 0 S1 SHOP INVENTORY (inside) consumables INVTY. # Stock Item Stock Ref. UNIT QTY STOCK IN STOCK OUT BALANCE INVTY. # Stock Item Stock Ref. UNIT QTY STOCK IN STOCK OUT BALANCE 1 GENSET,SI-1,SET,1.0,0.0,0.0,1.0
2,B1 C (UPPERMOST) BACK MOST OF STORAGE -MISCELLANEOUS PARTS,0,2 DIFFERENTIAL ASSY.,SI-2,PC,1.0,0.0,0.0,1.0
2,B1 C (UPPERMOST) BACK MOST OF STORAGE -MISCELLANEOUS PARTS,32,TIE ROD END,SI-32,PC,1.0,0.0,0.0,0.0
2,B1 C (UPPERMOST) BACK MOST OF STORAGE -MISCELLANEOUS PARTS,3,AIR COMPRESSOR,SI-3,PC,1.0,0.0,0.0,1.0
2,B1 C (UPPERMOST) BACK MOST OF STORAGE -MISCELLANEOUS PARTS,33,AIR DRAYER,SI-33,PC,1.0,0.0,0.0,0.0
2,B1 C (UPPERMOST) BACK MOST OF STORAGE -MISCELLANEOUS PARTS,4,CUTTING ATTACHMENT,SI-4,PC,1.0,0.0,0.0,1.0
2,B1 C (UPPERMOST) BACK MOST OF STORAGE -MISCELLANEOUS PARTS,34,STEERING GEAR BOX,SI-34,PC,1.0,0.0,0.0,0.0
2,B1 C (UPPERMOST) BACK MOST OF STORAGE -MISCELLANEOUS PARTS,5,TOOL BOX,SI-5,PC,1.0,0.0,0.0,1.0
2,B1 C (UPPERMOST) BACK MOST OF STORAGE -MISCELLANEOUS PARTS,35,SHIFTING STICK,SI-35,PC,1.0,0.0,0.0,0.0
2,B1 C (UPPERMOST) BACK MOST OF STORAGE -MISCELLANEOUS PARTS,251,PARTS 36 BRAKE SHOE IH,SI-36,PC,2.0,0.0,0.0,0.0
2,B1 C (UPPERMOST) BACK MOST OF STORAGE -MISCELLANEOUS PARTS,6,RADIATOR ASSEMBLY,SI-6,PC,1.0,0.0,0.0,1.0
2,B1 C (UPPERMOST) BACK MOST OF STORAGE -MISCELLANEOUS PARTS,37,BRACKET OF DIFFERENTIAL,SI-37,PC,2.0,0.0,0.0,0.0
2,B1 C (UPPERMOST) BACK MOST OF STORAGE -MISCELLANEOUS PARTS,7,HEAD FUEL INJECTION,SI-7,PC,1.0,0.0,0.0,1.0
2,B1 C (UPPERMOST) BACK MOST OF STORAGE -MISCELLANEOUS PARTS,38,MOLYE-LEAF SPRING,SI-38,PC,13.0,0.0,0.0,0.0
2,B1 C (UPPERMOST) BACK MOST OF STORAGE -MISCELLANEOUS PARTS,8,VALVE COVER,SI-8,PC,1.0,0.0,0.0,1.0
2,B1 C (UPPERMOST) BACK MOST OF STORAGE -MISCELLANEOUS PARTS,39,BRAKE CHAMBER (D),SI-39,PC,6.0,0.0,0.0,0.0
2,B1 C (UPPERMOST) BACK MOST OF STORAGE -MISCELLANEOUS PARTS,9,ENGINE BLOCK,SI-9,PC,1.0,0.0,1.0,0.0
2,B1 C (UPPERMOST) BACK MOST OF STORAGE -MISCELLANEOUS PARTS,40,BRAKE CHAMBER (S),SI-40,PC,2.0,0.0,0.0,0.0
2,B1 C (UPPERMOST) BACK MOST OF STORAGE -MISCELLANEOUS PARTS,10,COWL BRACKET,SI-10,PC,1.0,0.0,44.0,-43.0
2,B1 C (UPPERMOST) BACK MOST OF STORAGE -MISCELLANEOUS PARTS,41,AIR BAG- REAR,SI-41,PC,7.0,0.0,0.0,0.0
2,B1 C (UPPERMOST) BACK MOST OF STORAGE -MISCELLANEOUS PARTS,11,AIR DRAYER,SI-11,PC,1.0,0.0,0.0,1.0
2,B1 C (UPPERMOST) BACK MOST OF STORAGE -MISCELLANEOUS PARTS,42,STEP COVER,SI-42,PC,2.0,0.0,0.0,2.0
2,B1 C (UPPERMOST) BACK MOST OF STORAGE -MISCELLANEOUS PARTS,12,AIR DRAYER CONECTOR,SI-12,PC,1.0,0.0,0.0,1.0
2,B1 C (UPPERMOST) BACK MOST OF STORAGE -MISCELLANEOUS PARTS,43,STEP BOARD,SI-43,PC,2.0,0.0,0.0,2.0
2,B1 C (UPPERMOST) BACK MOST OF STORAGE -MISCELLANEOUS PARTS,13,CONNECTING ROD,SI-13,PC,1.0,0.0,0.0,1.0
2,B1 C (UPPERMOST) BACK MOST OF STORAGE -MISCELLANEOUS PARTS,44,BATTER COVER,SI-44,PC,1.0,0.0,0.0,1.0
2,B1 C (UPPERMOST) BACK MOST OF STORAGE -MISCELLANEOUS PARTS,14,CAM SHAFT,SI-14,PC,1.0,0.0,0.0,1.0
2,B1 C (UPPERMOST) BACK MOST OF STORAGE -MISCELLANEOUS PARTS,45,MUD GUARD,SI-45,PC,2.0,0.0,0.0,2.0
2,B1 C (UPPERMOST) BACK MOST OF STORAGE -MISCELLANEOUS PARTS,15,CRANK CASE COVER,SI-15,PC,1.0,0.0,0.0,1.0
2,B1 C (UPPERMOST) BACK MOST OF STORAGE -MISCELLANEOUS PARTS,46,DASHBOARD COVER,SI-46,PC,4.0,0.0,0.0,4.0
2,B1 C (UPPERMOST) BACK MOST OF STORAGE -MISCELLANEOUS PARTS,16,EXHAUST PIPE,SI-16,PC,1.0,0.0,0.0,1.0
2,B1 C (UPPERMOST) BACK MOST OF STORAGE -MISCELLANEOUS PARTS,47,RESERVOIR,SI-47,PC,1.0,0.0,0.0,1.0
2,B1 C (UPPERMOST) BACK MOST OF STORAGE -MISCELLANEOUS PARTS,17,FUEL FILTER,SI-17,PC,1.0,0.0,0.0,1.0
2,B1 C (UPPERMOST) BACK MOST OF STORAGE -MISCELLANEOUS PARTS,48,CHAIN OR KADINA,SI-48,PC,3.0,0.0,0.0,3.0
2,B1 C (UPPERMOST) BACK MOST OF STORAGE -MISCELLANEOUS PARTS,18,AIR GOVERNOR,SI-18,PC,1.0,0.0,0.0,1.0
2,B1 C (UPPERMOST) BACK MOST OF STORAGE -MISCELLANEOUS PARTS,49,WIND BREAKER,SI-49,PC,2.0,0.0,0.0,2.0
2,B1 C (UPPERMOST) BACK MOST OF STORAGE -MISCELLANEOUS PARTS,19,PROPERLLER YOKE PLANS,SI-19,PC,1.0,0.0,0.0,1.0
2,B1 C (UPPERMOST) BACK MOST OF STORAGE -MISCELLANEOUS PARTS,50,REFRIGERATOR,SI-50,PC,1.0,0.0,0.0,1.0
2,B1 C (UPPERMOST) BACK MOST OF STORAGE -MISCELLANEOUS PARTS,20,HOSE DUCK HOSE,SI-20,PC,1.0,0.0,0.0,1.0
2,B1 C (UPPERMOST) BACK MOST OF STORAGE -MISCELLANEOUS PARTS,51,OXYGEN TANK,SI-51,PC,0.0,0.0,0.0,21.0
2,B1 C (UPPERMOST) BACK MOST OF STORAGE -MISCELLANEOUS PARTS,21,PC 1 0 0 1 52 ACETYLENE TANK,SI-52,PC,0.0,0.0,0.0,22.0
2,B1 C (UPPERMOST) BACK MOST OF STORAGE -MISCELLANEOUS PARTS,22,PC 40 0 0 40 53 10X20 WITH REAM,SI-53,PC,0.0,0.0,0.0,23.0
2,B1 C (UPPERMOST) BACK MOST OF STORAGE -MISCELLANEOUS PARTS,23,PC 1 0 0 1 54 10X20 TIRE SI-54 PC 0 0 0 HINO ORANGE PARTS 55 295/7OR 19.5,SI-55,PC,0.0,0.0,0.0,24.0
2,B1 C (UPPERMOST) BACK MOST OF STORAGE -MISCELLANEOUS PARTS,24,PC 1 0 0 0 56 8X20 TIRE,SI-56,PC,0.0,0.0,0.0,25.0
2,B1 C (UPPERMOST) BACK MOST OF STORAGE -MISCELLANEOUS PARTS,25,PC 2 0 0 0 57 11R 22.5,SI-57,PC,0.0,0.0,0.0,26.0
2,B1 C (UPPERMOST) BACK MOST OF STORAGE -MISCELLANEOUS PARTS,26,PC 18 0 0 0 58 295/75R 22.5 SI-58 PC 0 0 0 OLD ELF PARTS 59 295/7R WITH REAM,SI-59,PC,0.0,1.0,-1.0,27.0
2,B1 C (UPPERMOST) BACK MOST OF STORAGE -MISCELLANEOUS PARTS,27,PC 1 0 0 0 60 11R 22.5 BACK,SI-60,PC,0.0,0.0,0.0,28.0
2,B1 C (UPPERMOST) BACK MOST OF STORAGE -MISCELLANEOUS PARTS,28,PC 1 0 0 0 61 185/80R 15 (ELF),SI-61,PC,0.0,0.0,0.0,29.0
2,B1 C (UPPERMOST) BACK MOST OF STORAGE -MISCELLANEOUS PARTS,29,PC 1 0 0 0 62 YANTAS 11R 22.5,SI-62,PC,0.0,0.0,0.0,30.0
2,B1 C (UPPERMOST) BACK MOST OF STORAGE -MISCELLANEOUS PARTS,30,PC 2 0 0 0 63 YANTAS EXPOKE REAM,SI-63,PC,0.0,0.0,0.0,31.0
